path_name,longitude,latitude,altitude,timestamp
Center Rd,-80.28584004,33.526740133,300,1
Center Rd,-80.285829958,33.5267300510001,300,2
Center Rd,-80.2858200269999,33.5267001060001,300,3
Center Rd,-80.2858099439999,33.5266600790001,300,4
Center Rd,-80.285800013,33.5266301340001,300,5
Center Rd,-80.285789931,33.5265901070001,300,6
Center Rd,-80.28578,33.5265601620001,300,7
Center Rd,-80.2856799319999,33.526310068,300,8
Center Rd,-80.2856499869999,33.526240096,300,9
Center Rd,-80.2856200419999,33.5261600430001,300,10
Center Rd,-80.2855800149999,33.526070057,300,11
Center Rd,-80.285539989,33.525980071,300,12
Center Rd,-80.285499962,33.525870072,300,13
Center Rd,-80.2854500019999,33.5257600730001,300,14
Center Rd,-80.2854099749999,33.525640143,300,15
Center Rd,-80.285360017,33.5255200620001,300,16
Center Rd,-80.2853100579999,33.5253900500001,300,17
Center Rd,-80.28525995,33.5252600370001,300,18
Center Rd,-80.285209991,33.5251200930001,300,19
Center Rd,-80.285160032,33.5249900810001,300,20
Center Rd,-80.285099992,33.524850137,300,21
Center Rd,-80.2850500339999,33.524710042,300,22
Center Rd,-80.284989992,33.524570097,300,23
Center Rd,-80.284940035,33.5244200720001,300,24
Center Rd,-80.2848799939999,33.524270046,300,25
Center Rd,-80.284810022,33.5241200200001,300,26
Center Rd,-80.2847499819999,33.5239600630001,300,27
Center Rd,-80.284689941,33.523810037,300,28
Center Rd,-80.2846199689999,33.52365008,300,29
Center Rd,-80.2845499969999,33.52348004,300,30
Center Rd,-80.2844899569999,33.523320083,300,31
Center Rd,-80.2844199849999,33.523150043,300,32
Center Rd,-80.284350014,33.522990086,300,33
Center Rd,-80.2842800399999,33.522810115,300,34
Center Rd,-80.284209918,33.522640075,300,35
Center Rd,-80.284139946,33.5224700360001,300,36
Center Rd,-80.284069974,33.5223001460001,300,37
Center Rd,-80.284009934,33.522140038,300,38
Center Rd,-80.283939962,33.5219701500001,300,39
Center Rd,-80.2838799209999,33.521810042,300,40
Center Rd,-80.2838200309999,33.5216600160001,300,41
Center Rd,-80.28375999,33.5215000580001,300,42
Center Rd,-80.283699951,33.521350033,300,43
Center Rd,-80.28364006,33.5212001570001,300,44
Center Rd,-80.28358002,33.521060063,300,45
Center Rd,-80.2835199789999,33.5209100370001,300,46
Center Rd,-80.283459939,33.5207700930001,300,47
Center Rd,-80.2833899669999,33.5206301490001,300,48
Center Rd,-80.283329926,33.520480123,300,49
Center Rd,-80.2832599549999,33.5203400280001,300,50
Center Rd,-80.283200065,33.5202100160001,300,51
Center Rd,-80.283074146,33.5199654940001,300,52
Center Rd,-80.282930906,33.519778226,300,53
Center Rd,-80.2828719249999,33.5196883150001,300,54
Center Rd,-80.282821966,33.5195883980001,300,55
Center Rd,-80.2827718569999,33.519488331,300,56
Center Rd,-80.28273183,33.519378332,300,57
Center Rd,-80.282681872,33.519258402,300,58
Center Rd,-80.2826418449999,33.519148402,300,59
Center Rd,-80.2826019679999,33.5190283220001,300,60
Center Rd,-80.282551859,33.518908391,300,61
Center Rd,-80.282511832,33.51878831,300,62
Center Rd,-80.2823718879999,33.518438299,300,63
Center Rd,-80.28232193,33.518318369,300,64
Center Rd,-80.282261889,33.5181982880001,300,65
Center Rd,-80.2822119309999,33.518088289,300,66
Center Rd,-80.282161972,33.51797829,300,67
Center Rd,-80.282121945,33.5178682920001,300,68
Center Rd,-80.2820913319999,33.5177968780001,300,69
Center Rd,-80.2820733629999,33.51766889,300,70
Center Rd,-80.2820600479999,33.517590054,300,71
Center Rd,-80.282061791,33.517341447,300,72
Center Rd,-80.281438969,33.515832963,300,73
Center Rd,-80.2814025759999,33.515745442,300,74
Center Rd,-80.281376976,33.5156442540001,300,75
Center Rd,-80.281145619,33.515076134,300,76
Center Rd,-80.2806163069999,33.5137820590001,300,77
Center Rd,-80.280521967,33.513543177,300,78
Center Rd,-80.280495483,33.513476116,300,79
Center Rd,-80.280439628,33.5133348840001,300,80
Center Rd,-80.280390801,33.5132115930001,300,81
Center Rd,-80.280301348,33.5129683690001,300,82
Center Rd,-80.2798520439999,33.5118266810001,300,83
Center Rd,-80.279746344,33.5115334290001,300,84
Center Rd,-80.279473449,33.5108747200001,300,85
Center Rd,-80.279399672,33.5106964670001,300,86
Center Rd,-80.2793417349999,33.5105469580001,300,87
Center Rd,-80.2793235939999,33.51050014,300,88
Center Rd,-80.279282281,33.510406512,300,89
Center Rd,-80.279240219,33.510306031,300,90
Center Rd,-80.279197567,33.5101938350001,300,91
Center Rd,-80.279157459,33.5101012920001,300,92
Center Rd,-80.2791131389999,33.5099941450001,300,93
Center Rd,-80.2790669249999,33.5098771340001,300,94
Center Rd,-80.278976649,33.509618453,300,95
Center Rd,-80.278911007,33.5094688550001,300,96
Center Rd,-80.2788779919999,33.509375565,300,97
Center Rd,-80.278840654,33.5092676800001,300,98
Center Rd,-80.2787927959999,33.509144409,300,99
Center Rd,-80.278747337,33.509014408,300,100
Center Rd,-80.2787065859999,33.5089258900001,300,101
Center Rd,-80.278642377,33.508775746,300,102
Center Rd,-80.2785805349999,33.5086207460001,300,103
Center Rd,-80.278512404,33.508462325,300,104
Center Rd,-80.2784459659999,33.508307094,300,105
Center Rd,-80.278382546,33.50815557,300,106
Center Rd,-80.2783331259999,33.5080102650001,300,107
Center Rd,-80.278314754,33.5078633900001,300,108
Center Rd,-80.278338149,33.507726958,300,109
Center Rd,-80.2783904949999,33.50759076,300,110
Center Rd,-80.2784501909999,33.5074622280001,300,111
Center Rd,-80.2785035049999,33.5073310290001,300,112
Center Rd,-80.278552696,33.507210625,300,113
Center Rd,-80.2785881889999,33.507069421,300,114
Center Rd,-80.278618778,33.5069299800001,300,115
Center Rd,-80.2786301909999,33.5067907370001,300,116
Center Rd,-80.278629047,33.5066530510001,300,117
Center Rd,-80.278630705,33.5065420560001,300,118
Center Rd,-80.278617837,33.506426506,300,119
Center Rd,-80.278587938,33.5063011620001,300,120
Center Rd,-80.278558463,33.506195754,300,121
Center Rd,-80.278506323,33.506096046,300,122
Center Rd,-80.2784198959999,33.505963002,300,123
Center Rd,-80.278297181,33.5058375450001,300,124
Center Rd,-80.278148561,33.505721314,300,125
Center Rd,-80.278071864,33.5056575090001,300,126
Center Rd,-80.2779930679999,33.5055909050001,300,127
Center Rd,-80.277913494,33.5055223430001,300,128
Center Rd,-80.277831259,33.505454269,300,129
Center Rd,-80.2777469329999,33.505386491,300,130
Center Rd,-80.277662086,33.5053179110001,300,131
Center Rd,-80.2775806179999,33.5052465750001,300,132
Center Rd,-80.277499177,33.50517439,300,133
Center Rd,-80.277418091,33.5051016800001,300,134
Center Rd,-80.277339524,33.505029246,300,135
Center Rd,-80.277262487,33.5049591590001,300,136
Center Rd,-80.277189634,33.504886937,300,137
Center Rd,-80.277119929,33.5048135550001,300,138
Center Rd,-80.277055801,33.504738795,300,139
Center Rd,-80.2770010899999,33.5046599080001,300,140
Center Rd,-80.276955161,33.5045778410001,300,141
Center Rd,-80.276915053,33.504493946,300,142
Center Rd,-80.2768520549999,33.5043371900001,300,143
Center Rd,-80.276796942,33.504197133,300,144
Center Rd,-80.2767599599999,33.5041041110001,300,145
Center Rd,-80.276719219,33.504000268,300,146
Center Rd,-80.276489505,33.503388278,300,147
Center Rd,-80.276449059,33.5032854900001,300,148
Center Rd,-80.276408926,33.503165229,300,149
Center Rd,-80.2763708319999,33.503071569,300,150
Center Rd,-80.276296055,33.5028383750001,300,151
Center Rd,-80.276252364,33.502692193,300,152
Center Rd,-80.275996471,33.50198177,300,153
Center Rd,-80.275940003,33.5018149960001,300,154
Center Rd,-80.275796495,33.501409859,300,155
Center Rd,-80.27569741,33.50112849,300,156
Center Rd,-80.275442585,33.5005009490001,300,157
Center Rd,-80.2754110119999,33.5004302520001,300,158
Center Rd,-80.275380038,33.5003609,300,159
Center Rd,-80.2753426949999,33.5002565080001,300,160
Center Rd,-80.275230586,33.4999081460001,300,161
Center Rd,-80.275225303,33.4998773180001,300,162
Center Rd,-80.2752078139999,33.499775281,300,163
Center Rd,-80.275208259,33.49962665,300,164
Center Rd,-80.275238265,33.4994745860001,300,165
Center Rd,-80.275305639,33.4993092440001,300,166
Center Rd,-80.275344091,33.4992224370001,300,167
Center Rd,-80.2753839499999,33.4991329150001,300,168
Center Rd,-80.275425285,33.49904086,300,169
Center Rd,-80.27546778,33.498946012,300,170
Center Rd,-80.275511611,33.498848498,300,171
Center Rd,-80.275556599,33.4987487430001,300,172
Center Rd,-80.2756018749999,33.4986476770001,300,173
Center Rd,-80.275647353,33.4985455560001,300,174
Center Rd,-80.275693169,33.498443406,300,175
Center Rd,-80.275738324,33.498342102,300,176
Center Rd,-80.275782557,33.4982425200001,300,177
Center Rd,-80.275825461,33.4981446830001,300,178
Center Rd,-80.2758666839999,33.4980504010001,300,179
Center Rd,-80.275905159,33.4979619630001,300,180
Center Rd,-80.275973646,33.497809143,300,181
Center Rd,-80.276025207,33.4976900020001,300,182
Center Rd,-80.276061828,33.4976035180001,300,183
Center Rd,-80.276111139,33.497490833,300,184
Center Rd,-80.276166608,33.4973644140001,300,185
Center Rd,-80.276217414,33.497253347,300,186
Center Rd,-80.276274579,33.497124021,300,187
Center Rd,-80.276332382,33.4969818280001,300,188
Center Rd,-80.2763865109999,33.496830382,300,189
Center Rd,-80.276431969,33.496672356,300,190
Center Rd,-80.276462468,33.4965076980001,300,191
Center Rd,-80.276466817,33.496340333,300,192
Center Rd,-80.276444007,33.496175931,300,193
Center Rd,-80.2763990299999,33.4960178220001,300,194
Center Rd,-80.276348426,33.4958665400001,300,195
Center Rd,-80.276299842,33.495727259,300,196
Center Rd,-80.276257621,33.4956150100001,300,197
Center Rd,-80.276210169,33.495495315,300,198
Center Rd,-80.276203692,33.495476098,300,199
Center Rd Spur,-80.283074146,33.5199654940001,300,1
Center Rd Spur,-80.283039812,33.5198706310001,300,2
Center Rd Spur,-80.283002148,33.519765852,300,3
Center Rd Spur,-80.2827696269999,33.5191189920001,300,4
Center Rd Spur,-80.282662671,33.5188052870001,300,5
Center Rd Spur,-80.282618096,33.5186985010001,300,6
Center Rd Spur,-80.282518855,33.5184743780001,300,7
Center Rd Spur,-80.2824687089999,33.518356537,300,8
Center Rd Spur,-80.282416201,33.518230413,300,9
Center Rd Spur,-80.282351073,33.518083457,300,10
Center Rd Spur,-80.2822101949999,33.517738207,300,11
Center Rd Spur,-80.282154417,33.5176125300001,300,12
Center Rd Spur,-80.28211855,33.5175113110001,300,13
Center Rd Spur,-80.282067291,33.5173579080001,300,14
Center Rd Spur,-80.282061791,33.517341447,300,15
Spur Dike Rd,-80.25952044,33.5033472590001,300,1
Spur Dike Rd,-80.259234125,33.5032853750001,300,2
Spur Dike Rd,-80.258696764,33.5031798680001,300,3
Spur Dike Rd,-80.2585511789999,33.5031564400001,300,4
Spur Dike Rd,-80.258461048,33.5031602380001,300,5
Spur Dike Rd,-80.2584043689999,33.5031626260001,300,6
Spur Dike Rd,-80.258251651,33.503176792,300,7
Spur Dike Rd,-80.258079975,33.5031942700001,300,8
Spur Dike Rd,-80.2579008009999,33.503206155,300,9
Spur Dike Rd,-80.2577181299999,33.503216895,300,10
Spur Dike Rd,-80.257516768,33.5032253200001,300,11
Spur Dike Rd,-80.257321506,33.503237558,300,12
Spur Dike Rd,-80.257104763,33.5032654730001,300,13
Spur Dike Rd,-80.2569120589999,33.5032824090001,300,14
Spur Dike Rd,-80.256753245,33.5032975400001,300,15
Spur Dike Rd,-80.25656127,33.5033125,300,16
Spur Dike Rd,-80.256402797,33.5033224200001,300,17
Spur Dike Rd,-80.256260883,33.5033375670001,300,18
Spur Dike Rd,-80.256138279,33.503339554,300,19
Spur Dike Rd,-80.256025209,33.5033426460001,300,20
Spur Dike Rd,-80.255885451,33.503348326,300,21
Spur Dike Rd,-80.2557673869999,33.503353412,300,22
Spur Dike Rd,-80.255647804,33.5033592790001,300,23
Spur Dike Rd,-80.255508901,33.503363629,300,24
Spur Dike Rd,-80.2553582639999,33.5033648580001,300,25
Spur Dike Rd,-80.255237716,33.5033708780001,300,26
Spur Dike Rd,-80.255104466,33.5033756380001,300,27
Spur Dike Rd,-80.254966457,33.503378017,300,28
Wildlife Dr - South Section,-80.276203692,33.495476098,300,1
Wildlife Dr - South Section,-80.276031583,33.4953972010001,300,2
Wildlife Dr - South Section,-80.275884979,33.4953583930001,300,3
Wildlife Dr - South Section,-80.275764566,33.49533998,300,4
Wildlife Dr - South Section,-80.275628065,33.49532601,300,5
Wildlife Dr - South Section,-80.2754823449999,33.4953121190001,300,6
Wildlife Dr - South Section,-80.275385499,33.4953177630001,300,7
Wildlife Dr - South Section,-80.275228023,33.495302081,300,8
Wildlife Dr - South Section,-80.2750675949999,33.495289504,300,9
Wildlife Dr - South Section,-80.274907231,33.4952829800001,300,10
Wildlife Dr - South Section,-80.274745148,33.4952863450001,300,11
Wildlife Dr - South Section,-80.274580306,33.4952980530001,300,12
Wildlife Dr - South Section,-80.2744121169999,33.4953215080001,300,13
Wildlife Dr - South Section,-80.274241718,33.4953430240001,300,14
Wildlife Dr - South Section,-80.274069862,33.495366152,300,15
Wildlife Dr - South Section,-80.273896824,33.4953900290001,300,16
Wildlife Dr - South Section,-80.2737258129999,33.4954114940001,300,17
Wildlife Dr - South Section,-80.2735551009999,33.49543563,300,18
Wildlife Dr - South Section,-80.27337613,33.495444675,300,19
Wildlife Dr - South Section,-80.273208148,33.4954482160001,300,20
Wildlife Dr - South Section,-80.273075101,33.4954349180001,300,21
Wildlife Dr - South Section,-80.272923557,33.495407098,300,22
Wildlife Dr - South Section,-80.272746089,33.4953593870001,300,23
Wildlife Dr - South Section,-80.2725542479999,33.495306644,300,24
Wildlife Dr - South Section,-80.272357127,33.4952633840001,300,25
Wildlife Dr - South Section,-80.272151354,33.495238133,300,26
Wildlife Dr - South Section,-80.27192977,33.4952250200001,300,27
Wildlife Dr - South Section,-80.271819599,33.4952279840001,300,28
Wildlife Dr - South Section,-80.27136088,33.495224728,300,29
Wildlife Dr - South Section,-80.27124582,33.4952305470001,300,30
Wildlife Dr - South Section,-80.2711307129999,33.495239102,300,31
Wildlife Dr - South Section,-80.271015671,33.4952497580001,300,32
Wildlife Dr - South Section,-80.27090006,33.4952616690001,300,33
Wildlife Dr - South Section,-80.270783009,33.4952745630001,300,34
Wildlife Dr - South Section,-80.270426781,33.4953142680001,300,35
Wildlife Dr - South Section,-80.270310151,33.495328419,300,36
Wildlife Dr - South Section,-80.270196332,33.4953396500001,300,37
Wildlife Dr - South Section,-80.270083087,33.495354492,300,38
Wildlife Dr - South Section,-80.2699665599999,33.495370054,300,39
Wildlife Dr - South Section,-80.2698486039999,33.495381272,300,40
Wildlife Dr - South Section,-80.269571802,33.4954154590001,300,41
Wildlife Dr - South Section,-80.2694529669999,33.4954313040001,300,42
Wildlife Dr - South Section,-80.269335237,33.495447949,300,43
Wildlife Dr - South Section,-80.269218612,33.495465741,300,44
Wildlife Dr - South Section,-80.2690990409999,33.4954821790001,300,45
Wildlife Dr - South Section,-80.26897945,33.4954994080001,300,46
Wildlife Dr - South Section,-80.2688591579999,33.4955171820001,300,47
Wildlife Dr - South Section,-80.26873775,33.4955353,300,48
Wildlife Dr - South Section,-80.268614219,33.4955534360001,300,49
Wildlife Dr - South Section,-80.268489803,33.495572291,300,50
Wildlife Dr - South Section,-80.268365519,33.4955914330001,300,51
Wildlife Dr - South Section,-80.2682415,33.49561082,300,52
Wildlife Dr - South Section,-80.26811771,33.4956297150001,300,53
Wildlife Dr - South Section,-80.267995658,33.495649165,300,54
Wildlife Dr - South Section,-80.267875932,33.49566925,300,55
Wildlife Dr - South Section,-80.267758983,33.4956883250001,300,56
Wildlife Dr - South Section,-80.267645306,33.4957067710001,300,57
Wildlife Dr - South Section,-80.267535923,33.4957230420001,300,58
Wildlife Dr - South Section,-80.267334147,33.4957507510001,300,59
Wildlife Dr - South Section,-80.2671403529999,33.495777167,300,60
Wildlife Dr - South Section,-80.266933152,33.4958077650001,300,61
Wildlife Dr - South Section,-80.266826145,33.495826085,300,62
Wildlife Dr - South Section,-80.266717306,33.495844377,300,63
Wildlife Dr - South Section,-80.266608124,33.495863344,300,64
Wildlife Dr - South Section,-80.266499116,33.495883495,300,65
Wildlife Dr - South Section,-80.266390512,33.495905452,300,66
Wildlife Dr - South Section,-80.266282894,33.495929269,300,67
Wildlife Dr - South Section,-80.266176,33.4959555790001,300,68
Wildlife Dr - South Section,-80.266069951,33.4959845820001,300,69
Wildlife Dr - South Section,-80.265964695,33.496017631,300,70
Wildlife Dr - South Section,-80.265858248,33.496052279,300,71
Wildlife Dr - South Section,-80.265608404,33.496159355,300,72
Wildlife Dr - South Section,-80.2650201709999,33.4963809280001,300,73
Wildlife Dr - South Section,-80.264908657,33.4964438170001,300,74
Wildlife Dr - South Section,-80.264800135,33.496514878,300,75
Wildlife Dr - South Section,-80.264687553,33.4966019340001,300,76
Wildlife Dr - South Section,-80.2644931729999,33.4966789200001,300,77
Wildlife Dr - South Section,-80.264359187,33.4967732550001,300,78
Wildlife Dr - South Section,-80.264256072,33.4968090420001,300,79
Wildlife Dr - South Section,-80.2641475619999,33.496840724,300,80
Wildlife Dr - South Section,-80.2640367769999,33.496873925,300,81
Wildlife Dr - South Section,-80.2639217449999,33.496904908,300,82
Wildlife Dr - South Section,-80.263807678,33.4969367100001,300,83
Wildlife Dr - South Section,-80.2636918539999,33.4969646770001,300,84
Wildlife Dr - South Section,-80.2635784459999,33.4969949590001,300,85
Wildlife Dr - South Section,-80.263354143,33.4970567670001,300,86
Wildlife Dr - South Section,-80.263248081,33.4970868780001,300,87
Wildlife Dr - South Section,-80.263141397,33.497117007,300,88
Wildlife Dr - South Section,-80.26303566,33.497145726,300,89
Wildlife Dr - South Section,-80.262845128,33.4972061440001,300,90
Wildlife Dr - South Section,-80.2623475629999,33.497361643,300,91
Wildlife Dr - South Section,-80.2622972189999,33.497411625,300,92
Wildlife Dr - South Section,-80.262256071,33.4974784240001,300,93
Wildlife Dr - South Section,-80.262240656,33.497540859,300,94
Wildlife Dr - South Section,-80.262238783,33.4975906550001,300,95
Wildlife Dr - South Section,-80.262254463,33.4976587890001,300,96
Wildlife Dr - South Section,-80.2622811049999,33.4977074500001,300,97
Wildlife Dr - South Section,-80.262330194,33.497762349,300,98
Wildlife Dr - South Section,-80.262416559,33.4978420740001,300,99
Wildlife Dr - South Section,-80.26251654,33.497923228,300,100
Wildlife Dr - South Section,-80.262621515,33.4980053800001,300,101
Wildlife Dr - South Section,-80.262725611,33.498084955,300,102
Wildlife Dr - South Section,-80.262824913,33.4981588650001,300,103
Wildlife Dr - South Section,-80.263091414,33.4983580580001,300,104
Wildlife Dr - South Section,-80.263275079,33.498416842,300,105
Wildlife Dr - South Section,-80.2633822929999,33.498438272,300,106
Wildlife Dr - South Section,-80.263545326,33.4984446550001,300,107
Wildlife Dr - South Section,-80.2636674569999,33.4984358090001,300,108
Wildlife Dr - South Section,-80.263972833,33.498392499,300,109
Wildlife Dr - South Section,-80.2642769719999,33.498330696,300,110
Wildlife Dr - South Section,-80.2645545619999,33.498262099,300,111
Wildlife Dr - South Section,-80.26471157,33.4982343240001,300,112
Wildlife Dr - South Section,-80.265041162,33.49818256,300,113
Wildlife Dr - South Section,-80.265217601,33.498149255,300,114
Wildlife Dr - South Section,-80.2653981239999,33.498116399,300,115
Wildlife Dr - South Section,-80.2655531189999,33.4980861820001,300,116
Wildlife Dr - South Section,-80.265663784,33.4980703750001,300,117
Wildlife Dr - South Section,-80.2657733349999,33.4980540390001,300,118
Wildlife Dr - South Section,-80.265903802,33.498035746,300,119
Wildlife Dr - South Section,-80.2660452499999,33.4980281950001,300,120
Wildlife Dr - South Section,-80.266192105,33.4980331100001,300,121
Wildlife Dr - South Section,-80.2663549,33.4980480290001,300,122
Wildlife Dr - South Section,-80.266543607,33.498071925,300,123
Wildlife Dr - South Section,-80.266940857,33.498066194,300,124
Wildlife Dr - South Section,-80.267265659,33.4980625370001,300,125
Wildlife Dr - South Section,-80.267377455,33.4980582910001,300,126
Wildlife Dr - South Section,-80.267488332,33.4980556520001,300,127
Wildlife Dr - South Section,-80.267857861,33.4980544530001,300,128
Wildlife Dr - South Section,-80.268118031,33.4980457570001,300,129
Wildlife Dr - South Section,-80.268208979,33.498032009,300,130
Wildlife Dr - South Section,-80.268326277,33.498026038,300,131
Wildlife Dr - South Section,-80.268566596,33.498018631,300,132
Wildlife Dr - South Section,-80.268707568,33.498014735,300,133
Wildlife Dr - South Section,-80.268839968,33.49801194,300,134
Wildlife Dr - South Section,-80.269015709,33.4980062290001,300,135
Wildlife Dr - South Section,-80.269129961,33.4980117490001,300,136
Wildlife Dr - South Section,-80.269223083,33.4980305030001,300,137
Wildlife Dr - South Section,-80.26931938,33.498067345,300,138
Wildlife Dr - South Section,-80.269382692,33.498122575,300,139
Wildlife Dr - South Section,-80.269431341,33.4981884160001,300,140
Wildlife Dr - South Section,-80.269476551,33.4982598,300,141
Wildlife Dr - South Section,-80.269507484,33.498321666,300,142
Wildlife Dr - South Section,-80.269536038,33.498381152,300,143
Wildlife Dr - South Section,-80.2695634139999,33.4984452310001,300,144
Wildlife Dr - South Section,-80.269580338,33.49857582,300,145
Wildlife Dr - South Section,-80.269566971,33.4986738260001,300,146
Wildlife Dr - South Section,-80.269534924,33.498828862,300,147
Wildlife Dr - South Section,-80.26947877,33.498978537,300,148
Wildlife Dr - South Section,-80.269446508,33.4990461240001,300,149
Wildlife Dr - South Section,-80.269357573,33.4991731120001,300,150
Wildlife Dr - South Section,-80.269294498,33.499256432,300,151
Wildlife Dr - South Section,-80.269138668,33.4994304950001,300,152
Wildlife Dr - South Section,-80.269057641,33.4995336920001,300,153
Wildlife Dr - South Section,-80.268991635,33.499613497,300,154
Wildlife Dr - South Section,-80.268916554,33.499707523,300,155
Wildlife Dr - South Section,-80.268760023,33.499919833,300,156
Wildlife Dr - South Section,-80.268680031,33.500037881,300,157
Wildlife Dr - South Section,-80.2683246569999,33.500487085,300,158
Wildlife Dr - South Section,-80.268253594,33.500556768,300,159
Wildlife Dr - South Section,-80.268184177,33.5006295520001,300,160
Wildlife Dr - South Section,-80.268149334,33.5006586420001,300,161
Wildlife Dr - South Section,-80.268073809,33.500713734,300,162
Wildlife Dr - South Section,-80.267987617,33.500760099,300,163
Wildlife Dr - South Section,-80.267915375,33.5007793010001,300,164
Wildlife Dr - South Section,-80.2678524579999,33.500790211,300,165
Wildlife Dr - South Section,-80.267767141,33.5007972670001,300,166
Wildlife Dr - South Section,-80.267720493,33.5007938050001,300,167
Wildlife Dr - South Section,-80.2676815409999,33.5007824910001,300,168
Wildlife Dr - South Section,-80.267611454,33.500755102,300,169
Wildlife Dr - South Section,-80.267518418,33.500710919,300,170
Wildlife Dr - South Section,-80.267325069,33.500623847,300,171
Wildlife Dr - South Section,-80.2672257739999,33.500575289,300,172
Wildlife Dr - South Section,-80.267063118,33.500503645,300,173
Wildlife Dr - South Section,-80.2669973009999,33.500482242,300,174
Wildlife Dr - South Section,-80.266912443,33.5004627060001,300,175
Wildlife Dr - South Section,-80.2667452379999,33.500449308,300,176
Wildlife Dr - South Section,-80.266666363,33.5004538090001,300,177
Wildlife Dr - South Section,-80.2666192299999,33.500467993,300,178
Wildlife Dr - South Section,-80.266480311,33.5005179510001,300,179
Wildlife Dr - South Section,-80.266382123,33.5005736740001,300,180
Wildlife Dr - South Section,-80.266078753,33.500762713,300,181
Wildlife Dr - South Section,-80.265947845,33.5008452800001,300,182
Wildlife Dr - South Section,-80.2658133149999,33.500934977,300,183
Wildlife Dr - South Section,-80.265524818,33.5011245210001,300,184
Wildlife Dr - South Section,-80.265389896,33.501216276,300,185
Wildlife Dr - South Section,-80.265053768,33.5014295500001,300,186
Wildlife Dr - South Section,-80.264924658,33.5014900420001,300,187
Wildlife Dr - South Section,-80.264806817,33.501537467,300,188
Wildlife Dr - South Section,-80.264721344,33.501556388,300,189
Wildlife Dr - South Section,-80.264656864,33.501564108,300,190
Wildlife Dr - South Section,-80.264581788,33.5015649270001,300,191
Wildlife Dr - South Section,-80.264524104,33.5015580640001,300,192
Wildlife Dr - South Section,-80.263666939,33.501385188,300,193
Wildlife Dr - South Section,-80.2635182939999,33.5013518600001,300,194
Wildlife Dr - South Section,-80.263306276,33.5013170240001,300,195
Wildlife Dr - South Section,-80.2629966059999,33.5012594780001,300,196
Wildlife Dr - South Section,-80.262835192,33.501231116,300,197
Wildlife Dr - South Section,-80.262687305,33.5011957140001,300,198
Wildlife Dr - South Section,-80.2625268149999,33.5011674840001,300,199
Wildlife Dr - South Section,-80.262364775,33.5011419210001,300,200
Wildlife Dr - South Section,-80.26160608,33.501012245,300,201
Wildlife Dr - South Section,-80.261434897,33.500977742,300,202
Wildlife Dr - South Section,-80.2608895499999,33.500855018,300,203
Wildlife Dr - South Section,-80.260741918,33.5008291510001,300,204
Wildlife Dr - South Section,-80.260604308,33.500807912,300,205
Wildlife Dr - South Section,-80.260477404,33.500794322,300,206
Wildlife Dr - South Section,-80.2603602,33.5007979710001,300,207
Wildlife Dr - South Section,-80.260211907,33.5008113750001,300,208
Wildlife Dr - South Section,-80.2600837479999,33.500844882,300,209
Wildlife Dr - South Section,-80.2599681519999,33.500884254,300,210
Wildlife Dr - South Section,-80.2598493519999,33.500927722,300,211
Wildlife Dr - South Section,-80.259727893,33.500975467,300,212
Wildlife Dr - South Section,-80.259614819,33.501025704,300,213
Wildlife Dr - South Section,-80.2594989249999,33.5010737580001,300,214
Wildlife Dr - South Section,-80.259376099,33.501119939,300,215
Wildlife Dr - South Section,-80.259201364,33.5011948920001,300,216
Wildlife Dr - South Section,-80.259086275,33.5012427410001,300,217
Wildlife Dr - South Section,-80.258971646,33.5012841280001,300,218
Wildlife Dr - South Section,-80.258870756,33.501321783,300,219
Wildlife Dr - South Section,-80.258737657,33.5013744090001,300,220
Wildlife Dr - South Section,-80.258630706,33.501415996,300,221
Wildlife Dr - South Section,-80.25855566,33.501499483,300,222
Wildlife Dr - South Section,-80.258514325,33.50156479,300,223
Wildlife Dr - South Section,-80.258490001,33.5016533510001,300,224
Wildlife Dr - South Section,-80.2584838289999,33.50169664,300,225
Wildlife Dr - South Section,-80.2584737029999,33.5020978630001,300,226
Wildlife Dr - South Section,-80.2584543949999,33.5025295740001,300,227
Wildlife Dr - South Section,-80.258464739,33.5028728130001,300,228
Wildlife Dr - South Section,-80.2584809969999,33.5030425090001,300,229
Wildlife Dr - South Section,-80.258529819,33.50315734,300,230
Fort Watson Rd,-80.4267537109999,33.5304842940001,300,1
Fort Watson Rd,-80.427003553,33.530530694,300,2
Fort Watson Rd,-80.427096353,33.530552109,300,3
Fort Watson Rd,-80.427221275,33.530587801,300,4
Fort Watson Rd,-80.4274167519999,33.530629822,300,5
Fort Watson Rd,-80.427725714,33.5306750020001,300,6
Fort Watson Rd,-80.4281599729999,33.5307198610001,300,7
Fort Watson Rd,-80.428625656,33.5307529560001,300,8
Fort Watson Rd,-80.4287845809999,33.5307591230001,300,9
Fort Watson Rd,-80.4289451939999,33.5307484150001,300,10
Fort Watson Rd,-80.429612633,33.5307162920001,300,11
Fort Watson Rd,-80.429855338,33.5307270000001,300,12
Fort Watson Rd,-80.429985387,33.5307552040001,300,13
Fort Watson Rd,-80.430025981,33.5307705930001,300,14
Fort Watson Rd,-80.430080303,33.5308034560001,300,15
Fort Watson Rd,-80.4301114479999,33.5308300250001,300,16
Fort Watson Rd,-80.430140874,33.5308590610001,300,17
Fort Watson Rd,-80.4301979809999,33.530926875,300,18
Fort Watson Rd,-80.430247949,33.5310268120001,300,19
Fort Watson Rd,-80.430297918,33.5312088410001,300,20
Fort Watson Rd,-80.430283641,33.531426561,300,21
Fort Watson Rd,-80.430257527,33.531584147,300,22
Fort Watson Rd,-80.430249359,33.531644027,300,23
Fort Watson Rd,-80.430240811,33.531694251,300,24
Fort Watson Rd,-80.430209174,33.5318424650001,300,25
Fort Watson Rd,-80.4302063819999,33.5318644130001,300,26
Fort Watson Rd,-80.430201912,33.531899525,300,27
Fort Watson Rd,-80.430195068,33.5319596530001,300,28
Fort Watson Rd,-80.430172996,33.5321118460001,300,29
Fort Watson Rd,-80.430112321,33.53271147,300,30
Fort Watson Rd,-80.430119458,33.5328827920001,300,31
Fort Watson Rd,-80.430233673,33.533218296,300,32
Fort Watson Rd,-80.430469239,33.533696567,300,33
Fort Watson Rd,-80.430636991,33.5340106570001,300,34
Fort Watson Rd,-80.43086899,33.534499634,300,35
Fort Watson Rd,-80.431073622,33.5349047390001,300,36
Fort Watson Rd,-80.431106042,33.5350011080001,300,37
Fort Watson Rd,-80.431125376,33.535134951,300,38
Fort Watson Rd,-80.4311390569999,33.5353151960001,300,39
Fort Watson Rd,-80.4311390569999,33.5356245250001,300,40
Fort Watson Rd,-80.43113311,33.5358981640001,300,41
Fort Watson Rd,-80.431129189,33.5360580560001,300,42
Fort Watson Rd,-80.431137698,33.53613546,300,43
Fort Watson Rd,-80.431141511,33.536174868,300,44
Fort Watson Rd,-80.4311680449999,33.536294141,300,45
Fort Watson Rd,-80.431189825,33.536373783,300,46
Fort Watson Rd,-80.43120788,33.536425551,300,47
Fort Watson Rd,-80.431235197,33.5364887120001,300,48
Fort Watson Rd,-80.431260289,33.5365454760001,300,49
Fort Watson Rd,-80.431282486,33.5365932450001,300,50
Fort Watson Rd,-80.431354556,33.536753506,300,51
Fort Watson Rd,-80.431593688,33.5371379530001,300,52
Fort Watson Rd,-80.4317257559999,33.5373291710001,300,53
Fort Watson Rd,-80.43176197,33.5373765470001,300,54
Fort Watson Rd,-80.4319057289999,33.5375734850001,300,55
Fort Watson Rd,-80.432120358,33.537820131,300,56
Fort Watson Rd,-80.432252722,33.5379670250001,300,57
Fort Watson Rd,-80.4325042419999,33.538175376,300,58
Fort Watson Rd,-80.432780666,33.538370673,300,59
Fort Watson Rd,-80.4328384949999,33.538404626,300,60
Fort Watson Rd,-80.432897248,33.5384388790001,300,61
Fort Watson Rd,-80.4329547629999,33.53846989,300,62
Fort Watson Rd,-80.43301027,33.538499819,300,63
Fort Watson Rd,-80.433061852,33.538527199,300,64
Fort Watson Rd,-80.433117298,33.5385511010001,300,65
Fort Watson Rd,-80.433174196,33.53857621,300,66
Fort Watson Rd,-80.43323377,33.538598569,300,67
Fort Watson Rd,-80.433422225,33.5386530060001,300,68
Fort Watson Rd,-80.433687968,33.538715811,300,69
Fort Watson Rd,-80.433831184,33.5387441070001,300,70
Fort Watson Rd,-80.433963212,33.5387643290001,300,71
Fort Watson Rd,-80.434095639,33.5387841940001,300,72
Fort Watson Rd,-80.4341619209999,33.538790459,300,73
Fort Watson Rd,-80.434230611,33.5387953320001,300,74
Fort Watson Rd,-80.43429923,33.5388010520001,300,75
Fort Watson Rd,-80.434376954,33.538806182,300,76
Fort Watson Rd,-80.4344546299999,33.5388111,300,77
Fort Watson Rd,-80.434534986,33.538815211,300,78
Fort Watson Rd,-80.4346167429999,33.538819512,300,79
Fort Watson Rd,-80.434706467,33.5388235340001,300,80
Fort Watson Rd,-80.43477971,33.53882666,300,81
Fort Watson Rd,-80.434882242,33.5388353120001,300,82
Fort Watson Rd,-80.4349745279999,33.5388405900001,300,83
Fort Watson Rd,-80.4350584379999,33.5388465190001,300,84
Fort Watson Rd,-80.435159884,33.5388456530001,300,85
Fort Watson Rd,-80.435259854,33.538847704,300,86
Fort Watson Rd,-80.435739658,33.5388650570001,300,87
Fort Watson Rd,-80.4360857199999,33.538880652,300,88
Fort Watson Rd,-80.436187188,33.5388957070001,300,89
Fort Watson Rd,-80.436263777,33.5389191470001,300,90
Fort Watson Rd,-80.436331606,33.5389495160001,300,91
Fort Watson Rd,-80.436412445,33.539016498,300,92
Fort Watson Rd,-80.4364420969999,33.5390534430001,300,93
Fort Watson Rd,-80.436482379,33.539106605,300,94
Fort Watson Rd,-80.436502714,33.539150663,300,95
Fort Watson Rd,-80.436510814,33.5391825780001,300,96
Fort Watson Rd,-80.4365195779999,33.5392151610001,300,97
Fort Watson Rd,-80.4365431109999,33.5393876430001,300,98
Fort Watson Rd,-80.436552034,33.5394679500001,300,99
Fort Watson Rd,-80.436477676,33.5398694840001,300,100
Fort Watson Rd,-80.436448034,33.539993941,300,101
Fort Watson Rd,-80.436435516,33.540041279,300,102
Fort Watson Rd,-80.436425075,33.540086171,300,103
Fort Watson Rd,-80.4364138609999,33.5401298620001,300,104
Fort Watson Rd,-80.43640264,33.5401756430001,300,105
Fort Watson Rd,-80.436376267,33.5403076220001,300,106
Fort Watson Rd,-80.43636527,33.5403504280001,300,107
Fort Watson Rd,-80.436354041,33.540392008,300,108
Fort Watson Rd,-80.436344848,33.5404286470001,300,109
Fort Watson Rd,-80.436331144,33.5404760650001,300,110
Fort Watson Rd,-80.4363215129999,33.5405058000001,300,111
Fort Watson Rd,-80.4363114989999,33.540543513,300,112
Pine Island Rd,-80.365685609,33.4866057840001,300,1
Pine Island Rd,-80.3655732459999,33.486573251,300,2
Pine Island Rd,-80.364677601,33.4862151400001,300,3
Pine Island Rd,-80.364582969,33.486170875,300,4
Pine Island Rd,-80.364400416,33.4860750400001,300,5
Pine Island Rd,-80.3642287339999,33.4860027940001,300,6
Pine Island Rd,-80.364177121,33.4859855730001,300,7
Pine Island Rd,-80.364117278,33.4859646190001,300,8
Pine Island Rd,-80.3640563769999,33.485945556,300,9
Pine Island Rd,-80.363989014,33.4859232370001,300,10
Pine Island Rd,-80.363919945,33.485901562,300,11
Pine Island Rd,-80.363847284,33.4858774670001,300,12
Pine Island Rd,-80.363662029,33.4858221960001,300,13
Pine Island Rd,-80.3628194629999,33.485544739,300,14
Pine Island Rd,-80.362734989,33.4855172370001,300,15
Pine Island Rd,-80.362696935,33.4855038310001,300,16
Pine Island Rd,-80.3626570719999,33.4854894970001,300,17
Pine Island Rd,-80.3626163179999,33.4854784020001,300,18
Pine Island Rd,-80.362569545,33.4854644110001,300,19
Pine Island Rd,-80.360722784,33.484899838,300,20
Wildlife Dr - North Loop,-80.27541772,33.500445272,300,1
Wildlife Dr - North Loop,-80.273517391,33.50111787,300,2
Wildlife Dr - North Loop,-80.273402443,33.5011573730001,300,3
Wildlife Dr - North Loop,-80.273232403,33.5012174130001,300,4
Wildlife Dr - North Loop,-80.2730623639999,33.5012774530001,300,5
Wildlife Dr - North Loop,-80.2728924749999,33.501337343,300,6
Wildlife Dr - North Loop,-80.272712353,33.5014073150001,300,7
Wildlife Dr - North Loop,-80.272532382,33.501467356,300,8
Wildlife Dr - North Loop,-80.2723624939999,33.501527396,300,9
Wildlife Dr - North Loop,-80.2721924539999,33.5015874370001,300,10
Wildlife Dr - North Loop,-80.272042428,33.501637395,300,11
Wildlife Dr - North Loop,-80.2717924849999,33.5017473940001,300,12
Wildlife Dr - North Loop,-80.271672404,33.5018074340001,300,13
Wildlife Dr - North Loop,-80.2715624049999,33.5018573930001,300,14
Wildlife Dr - North Loop,-80.2714323929999,33.501907352,300,15
Wildlife Dr - North Loop,-80.27130238,33.5019573100001,300,16
Wildlife Dr - North Loop,-80.271162435,33.5020074190001,300,17
Wildlife Dr - North Loop,-80.271012411,33.5020573780001,300,18
Wildlife Dr - North Loop,-80.270852453,33.5021174180001,300,19
Wildlife Dr - North Loop,-80.27050418,33.5022267580001,300,20
Wildlife Dr - North Loop,-80.2703342899999,33.5022866480001,300,21
Wildlife Dr - North Loop,-80.270164253,33.502346688,300,22
Wildlife Dr - North Loop,-80.2699842809999,33.5024067300001,300,23
Wildlife Dr - North Loop,-80.269804159,33.5024667690001,300,24
Wildlife Dr - North Loop,-80.269624188,33.502536741,300,25
Wildlife Dr - North Loop,-80.269434286,33.5025967820001,300,26
Wildlife Dr - North Loop,-80.269234301,33.5026566720001,300,27
Wildlife Dr - North Loop,-80.2690442479999,33.5027267940001,300,28
Wildlife Dr - North Loop,-80.2688541959999,33.5027866840001,300,29
Wildlife Dr - North Loop,-80.268664293,33.502846726,300,30
Wildlife Dr - North Loop,-80.26847424,33.502896682,300,31
Wildlife Dr - North Loop,-80.268294268,33.502946792,300,32
Wildlife Dr - North Loop,-80.2681042149999,33.5029967510001,300,33
Wildlife Dr - North Loop,-80.2679141629999,33.503046709,300,34
Wildlife Dr - North Loop,-80.267724261,33.5030966670001,300,35
Wildlife Dr - North Loop,-80.267534208,33.503136695,300,36
Wildlife Dr - North Loop,-80.2673443039999,33.5031866530001,300,37
Wildlife Dr - North Loop,-80.266994295,33.5032667070001,300,38
Wildlife Dr - North Loop,-80.266814174,33.5032966520001,300,39
Wildlife Dr - North Loop,-80.266644285,33.503306734,300,40
Wildlife Dr - North Loop,-80.266474245,33.503316666,300,41
Wildlife Dr - North Loop,-80.2662503339999,33.503320769,300,42
Wildlife Dr - North Loop,-80.266070363,33.503320769,300,43
Wildlife Dr - North Loop,-80.2658803099999,33.503320769,300,44
Wildlife Dr - North Loop,-80.2656803259999,33.503320769,300,45
Wildlife Dr - North Loop,-80.265480342,33.5033108370001,300,46
Wildlife Dr - North Loop,-80.265270275,33.5033007550001,300,47
Wildlife Dr - North Loop,-80.2650802219999,33.5033007550001,300,48
Wildlife Dr - North Loop,-80.264440242,33.5033007550001,300,49
Wildlife Dr - North Loop,-80.2642802839999,33.5033007550001,300,50
Wildlife Dr - North Loop,-80.263930274,33.5033108370001,300,51
Wildlife Dr - North Loop,-80.26356025,33.503320769,300,52
Wildlife Dr - North Loop,-80.2633503339999,33.503320769,300,53
Wildlife Dr - North Loop,-80.26315035,33.503320769,300,54
Wildlife Dr - North Loop,-80.2627202849999,33.503330851,300,55
Wildlife Dr - North Loop,-80.2625103679999,33.5033407820001,300,56
Wildlife Dr - North Loop,-80.262100318,33.503350864,300,57
Wildlife Dr - North Loop,-80.261900334,33.503350864,300,58
Wildlife Dr - North Loop,-80.26171028,33.503360796,300,59
Wildlife Dr - North Loop,-80.2613303259999,33.5033708780001,300,60
Wildlife Dr - North Loop,-80.260513125,33.503359958,300,61
Wildlife Dr - North Loop,-80.2603630999999,33.5033498770001,300,62
Wildlife Dr - North Loop,-80.260113157,33.5033399450001,300,63
Wildlife Dr - North Loop,-80.260003158,33.5033399450001,300,64
Wildlife Dr - North Loop,-80.2598931589999,33.5033399450001,300,65
Wildlife Dr - North Loop,-80.259573094,33.5033399450001,300,66
Wildlife Dr - North Loop,-80.25952044,33.5033472590001,300,67
Wildlife Dr - North Loop,-80.259487511,33.5033970960001,300,68
Wildlife Dr - North Loop,-80.259486876,33.503432692,300,69
Wildlife Dr - North Loop,-80.25948647,33.503455494,300,70
Wildlife Dr - North Loop,-80.25949668,33.503674296,300,71
Wildlife Dr - North Loop,-80.259498552,33.503808502,300,72
Wildlife Dr - North Loop,-80.2595032199999,33.5039499550001,300,73
Wildlife Dr - North Loop,-80.259513618,33.50409963,300,74
Wildlife Dr - North Loop,-80.259518607,33.5041759370001,300,75
Wildlife Dr - North Loop,-80.25952447,33.504252132,300,76
Wildlife Dr - North Loop,-80.259535335,33.5044052220001,300,77
Wildlife Dr - North Loop,-80.259542384,33.5045568690001,300,78
Wildlife Dr - North Loop,-80.2596167729999,33.505822575,300,79
Wildlife Dr - North Loop,-80.259621925,33.505907015,300,80
Wildlife Dr - North Loop,-80.259742312,33.5082252820001,300,81
Wildlife Dr - North Loop,-80.2597622609999,33.5085743280001,300,82
Wildlife Dr - North Loop,-80.259764342,33.5086643500001,300,83
Wildlife Dr - North Loop,-80.259772443,33.5087559580001,300,84
Wildlife Dr - North Loop,-80.259778922,33.508846007,300,85
Wildlife Dr - North Loop,-80.259774604,33.5089312260001,300,86
Wildlife Dr - North Loop,-80.259808033,33.5094424530001,300,87
Wildlife Dr - North Loop,-80.259800073,33.5095244770001,300,88
Wildlife Dr - North Loop,-80.259861673,33.510564152,300,89
Wildlife Dr - North Loop,-80.259867937,33.5106346680001,300,90
Wildlife Dr - North Loop,-80.259878669,33.5107561450001,300,91
Wildlife Dr - North Loop,-80.259886561,33.510899716,300,92
Wildlife Dr - North Loop,-80.259888937,33.510942309,300,93
Wildlife Dr - North Loop,-80.259892131,33.5109995390001,300,94
Wildlife Dr - North Loop,-80.259899553,33.511139047,300,95
Wildlife Dr - North Loop,-80.259902509,33.511187728,300,96
Wildlife Dr - North Loop,-80.2599139229999,33.5113024930001,300,97
Wildlife Dr - North Loop,-80.259920816,33.511423001,300,98
Wildlife Dr - North Loop,-80.2599247429999,33.511477713,300,99
Wildlife Dr - North Loop,-80.2599278599999,33.5115301540001,300,100
Wildlife Dr - North Loop,-80.259932722,33.511580657,300,101
Wildlife Dr - North Loop,-80.259938902,33.511629683,300,102
Wildlife Dr - North Loop,-80.25994373,33.5116771730001,300,103
Wildlife Dr - North Loop,-80.2599489099999,33.511722326,300,104
Wildlife Dr - North Loop,-80.259953416,33.5117612130001,300,105
Wildlife Dr - North Loop,-80.259957715,33.5117953700001,300,106
Wildlife Dr - North Loop,-80.259961978,33.5118263140001,300,107
Wildlife Dr - North Loop,-80.2599671569999,33.5118643100001,300,108
Wildlife Dr - North Loop,-80.259991882,33.5121299850001,300,109
Wildlife Dr - North Loop,-80.259993359,33.512165338,300,110
Wildlife Dr - North Loop,-80.2599975259999,33.512204287,300,111
Wildlife Dr - North Loop,-80.2600020519999,33.512244577,300,112
Wildlife Dr - North Loop,-80.2600071589999,33.5122838720001,300,113
Wildlife Dr - North Loop,-80.2600126999999,33.512321656,300,114
Wildlife Dr - North Loop,-80.260021255,33.512358555,300,115
Wildlife Dr - North Loop,-80.2600330389999,33.5123934920001,300,116
Wildlife Dr - North Loop,-80.260048247,33.512424933,300,117
Wildlife Dr - North Loop,-80.2600658389999,33.5124507800001,300,118
Wildlife Dr - North Loop,-80.260087412,33.512477398,300,119
Wildlife Dr - North Loop,-80.260115895,33.5125001000001,300,120
Wildlife Dr - North Loop,-80.2601554189999,33.512541232,300,121
Wildlife Dr - North Loop,-80.260178916,33.512574983,300,122
Wildlife Dr - North Loop,-80.2601972849999,33.5126168730001,300,123
Wildlife Dr - North Loop,-80.260210543,33.51266516,300,124
Wildlife Dr - North Loop,-80.2602223169999,33.5127210540001,300,125
Wildlife Dr - North Loop,-80.2602274609999,33.5127781800001,300,126
Wildlife Dr - North Loop,-80.2602320129999,33.512834846,300,127
Wildlife Dr - North Loop,-80.26023499,33.5128925670001,300,128
Wildlife Dr - North Loop,-80.260240004,33.512952591,300,129
Wildlife Dr - North Loop,-80.260248912,33.513014109,300,130
Wildlife Dr - North Loop,-80.260261908,33.5130762850001,300,131
Wildlife Dr - North Loop,-80.260368184,33.513446027,300,132
Wildlife Dr - North Loop,-80.260383841,33.513484512,300,133
Wildlife Dr - North Loop,-80.2603984899999,33.5135299770001,300,134
Wildlife Dr - North Loop,-80.260417605,33.5135833050001,300,135
Wildlife Dr - North Loop,-80.260440505,33.5136438280001,300,136
Wildlife Dr - North Loop,-80.260469465,33.5137110970001,300,137
Wildlife Dr - North Loop,-80.2604958319999,33.513783602,300,138
Wildlife Dr - North Loop,-80.260521883,33.51385735,300,139
Wildlife Dr - North Loop,-80.2605559309999,33.5139369240001,300,140
Wildlife Dr - North Loop,-80.260597879,33.5140217640001,300,141
Wildlife Dr - North Loop,-80.260636888,33.5141093190001,300,142
Wildlife Dr - North Loop,-80.26078484,33.514479212,300,143
Wildlife Dr - North Loop,-80.2609290889999,33.5149269630001,300,144
Wildlife Dr - North Loop,-80.260958253,33.5150128110001,300,145
Wildlife Dr - North Loop,-80.261017431,33.51526269,300,146
Wildlife Dr - North Loop,-80.2610432,33.5153408840001,300,147
Wildlife Dr - North Loop,-80.2610631049999,33.5154166830001,300,148
Wildlife Dr - North Loop,-80.261091381,33.515491486,300,149
Wildlife Dr - North Loop,-80.261117757,33.515562774,300,150
Wildlife Dr - North Loop,-80.261147147,33.5156265110001,300,151
Wildlife Dr - North Loop,-80.261207939,33.515783001,300,152
Wildlife Dr - North Loop,-80.261245833,33.5158968420001,300,153
Wildlife Dr - North Loop,-80.261260637,33.5159447620001,300,154
Wildlife Dr - North Loop,-80.261278383,33.515999413,300,155
Wildlife Dr - North Loop,-80.261299279,33.5160609610001,300,156
Wildlife Dr - North Loop,-80.261378011,33.51626802,300,157
Wildlife Dr - North Loop,-80.2614295289999,33.5164152890001,300,158
Wildlife Dr - North Loop,-80.261460712,33.516490118,300,159
Wildlife Dr - North Loop,-80.261541585,33.5167205280001,300,160
Wildlife Dr - North Loop,-80.261585103,33.5168718840001,300,161
Wildlife Dr - North Loop,-80.2616050029999,33.516948051,300,162
Wildlife Dr - North Loop,-80.2616337109999,33.5170213590001,300,163
Wildlife Dr - North Loop,-80.261657793,33.517085165,300,164
Wildlife Dr - North Loop,-80.2616762219999,33.5171351320001,300,165
Wildlife Dr - North Loop,-80.261688692,33.517170591,300,166
Wildlife Dr - North Loop,-80.261699686,33.5172036390001,300,167
Wildlife Dr - North Loop,-80.261716339,33.5172453600001,300,168
Wildlife Dr - North Loop,-80.26172645,33.517280182,300,169
Wildlife Dr - North Loop,-80.261740689,33.517321124,300,170
Wildlife Dr - North Loop,-80.261819847,33.5175217680001,300,171
Wildlife Dr - North Loop,-80.261841121,33.517579159,300,172
Wildlife Dr - North Loop,-80.2618638329999,33.517637698,300,173
Wildlife Dr - North Loop,-80.2619295109999,33.5178168520001,300,174
Wildlife Dr - North Loop,-80.262078386,33.518105259,300,175
Wildlife Dr - North Loop,-80.262167418,33.5182284260001,300,176
Wildlife Dr - North Loop,-80.262238386,33.5182717970001,300,177
Wildlife Dr - North Loop,-80.2623025569999,33.518288096,300,178
Wildlife Dr - North Loop,-80.262379761,33.5182975760001,300,179
Wildlife Dr - North Loop,-80.2624986389999,33.5182905510001,300,180
Wildlife Dr - North Loop,-80.262580494,33.5182626910001,300,181
Wildlife Dr - North Loop,-80.262670341,33.5182283230001,300,182
Wildlife Dr - North Loop,-80.262754609,33.5182101460001,300,183
Wildlife Dr - North Loop,-80.262855175,33.5181876840001,300,184
Wildlife Dr - North Loop,-80.263284459,33.518098163,300,185
Wildlife Dr - North Loop,-80.263437717,33.5180621690001,300,186
Wildlife Dr - North Loop,-80.2636545669999,33.518022741,300,187
Wildlife Dr - North Loop,-80.263895073,33.5179714860001,300,188
Wildlife Dr - North Loop,-80.264492605,33.5178714480001,300,189
Wildlife Dr - North Loop,-80.264857182,33.5177942340001,300,190
Wildlife Dr - North Loop,-80.265834216,33.5175318350001,300,191
Wildlife Dr - North Loop,-80.265942689,33.517503843,300,192
Wildlife Dr - North Loop,-80.266038395,33.517481645,300,193
Wildlife Dr - North Loop,-80.266127323,33.517457677,300,194
Wildlife Dr - North Loop,-80.266216277,33.517435451,300,195
Wildlife Dr - North Loop,-80.2662929749999,33.5174137230001,300,196
Wildlife Dr - North Loop,-80.266600232,33.5173248790001,300,197
Wildlife Dr - North Loop,-80.266702391,33.5172982760001,300,198
Wildlife Dr - North Loop,-80.266765184,33.5172814110001,300,199
Wildlife Dr - North Loop,-80.266864976,33.517255101,300,200
Wildlife Dr - North Loop,-80.267001735,33.5172201030001,300,201
Wildlife Dr - North Loop,-80.2670931329999,33.5172003490001,300,202
Wildlife Dr - North Loop,-80.267188092,33.5171804180001,300,203
Wildlife Dr - North Loop,-80.267289067,33.5171593910001,300,204
Wildlife Dr - North Loop,-80.267389888,33.5171410620001,300,205
Wildlife Dr - North Loop,-80.267496115,33.517129804,300,206
Wildlife Dr - North Loop,-80.267599687,33.5171145320001,300,207
Wildlife Dr - North Loop,-80.267702227,33.517102085,300,208
Wildlife Dr - North Loop,-80.267808411,33.5170915630001,300,209
Wildlife Dr - North Loop,-80.2679146359999,33.5170808020001,300,210
Wildlife Dr - North Loop,-80.268041765,33.5170644470001,300,211
Wildlife Dr - North Loop,-80.2681823299999,33.517039385,300,212
Wildlife Dr - North Loop,-80.2684085239999,33.5169775370001,300,213
Wildlife Dr - North Loop,-80.268442734,33.5169653230001,300,214
Wildlife Dr - North Loop,-80.268507665,33.516941317,300,215
Wildlife Dr - North Loop,-80.2685530859999,33.516926019,300,216
Wildlife Dr - North Loop,-80.2686145879999,33.516909679,300,217
Wildlife Dr - North Loop,-80.2686783939999,33.5168939120001,300,218
Wildlife Dr - North Loop,-80.268755057,33.516878768,300,219
Wildlife Dr - North Loop,-80.269042508,33.516826451,300,220
Wildlife Dr - North Loop,-80.2691441649999,33.5168124090001,300,221
Wildlife Dr - North Loop,-80.269237139,33.516799771,300,222
Wildlife Dr - North Loop,-80.269629462,33.5167524060001,300,223
Wildlife Dr - North Loop,-80.269698067,33.516741145,300,224
Wildlife Dr - North Loop,-80.269771786,33.5167324020001,300,225
Wildlife Dr - North Loop,-80.2699888449999,33.516710392,300,226
Wildlife Dr - North Loop,-80.270066781,33.516699653,300,227
Wildlife Dr - North Loop,-80.2702173979999,33.5166781830001,300,228
Wildlife Dr - North Loop,-80.270306811,33.516665662,300,229
Wildlife Dr - North Loop,-80.270412646,33.5166487400001,300,230
Wildlife Dr - North Loop,-80.270501955,33.5166318240001,300,231
Wildlife Dr - North Loop,-80.270593359,33.5166083610001,300,232
Wildlife Dr - North Loop,-80.270686433,33.516581795,300,233
Wildlife Dr - North Loop,-80.2707809509999,33.516552414,300,234
Wildlife Dr - North Loop,-80.270876614,33.5165194050001,300,235
Wildlife Dr - North Loop,-80.270971523,33.516486108,300,236
Wildlife Dr - North Loop,-80.2709831829999,33.5164818850001,300,237
Wildlife Dr - North Loop,-80.271061362,33.5164535700001,300,238
Wildlife Dr - North Loop,-80.271138531,33.5164231790001,300,239
Wildlife Dr - North Loop,-80.271218854,33.516394292,300,240
Wildlife Dr - North Loop,-80.271297815,33.5163639680001,300,241
Wildlife Dr - North Loop,-80.2713795239999,33.5163362260001,300,242
Wildlife Dr - North Loop,-80.271465663,33.5163105130001,300,243
Wildlife Dr - North Loop,-80.27154723,33.51628693,300,244
Wildlife Dr - North Loop,-80.2716260019999,33.5162692660001,300,245
Wildlife Dr - North Loop,-80.271688873,33.516253853,300,246
Wildlife Dr - North Loop,-80.271737898,33.5162437540001,300,247
Wildlife Dr - North Loop,-80.271773203,33.516235915,300,248
Wildlife Dr - North Loop,-80.271806566,33.516231829,300,249
Wildlife Dr - North Loop,-80.27184684,33.5162226030001,300,250
Wildlife Dr - North Loop,-80.2718855419999,33.5162146590001,300,251
Wildlife Dr - North Loop,-80.2720918429999,33.5161557440001,300,252
Wildlife Dr - North Loop,-80.272182823,33.5161201600001,300,253
Wildlife Dr - North Loop,-80.2722945369999,33.5160764660001,300,254
Wildlife Dr - North Loop,-80.272363527,33.516045553,300,255
Wildlife Dr - North Loop,-80.272434505,33.516015479,300,256
Wildlife Dr - North Loop,-80.272487256,33.5159984540001,300,257
Wildlife Dr - North Loop,-80.272563399,33.5159675210001,300,258
Wildlife Dr - North Loop,-80.272613367,33.5159413470001,300,259
Wildlife Dr - North Loop,-80.272991702,33.5157176770001,300,260
Wildlife Dr - North Loop,-80.273105431,33.515644271,300,261
Wildlife Dr - North Loop,-80.273158176,33.5155925870001,300,262
Wildlife Dr - North Loop,-80.2732582849999,33.5155040230001,300,263
Wildlife Dr - North Loop,-80.273331534,33.5154645690001,300,264
Wildlife Dr - North Loop,-80.2735021029999,33.5154169950001,300,265
Wildlife Dr - North Loop,-80.273609928,33.51539433,300,266
Wildlife Dr - North Loop,-80.273699731,33.515370961,300,267
Wildlife Dr - North Loop,-80.273791847,33.515347068,300,268
Wildlife Dr - North Loop,-80.273876198,33.515322908,300,269
Wildlife Dr - North Loop,-80.274123273,33.5152561890001,300,270
Wildlife Dr - North Loop,-80.274193999,33.515238556,300,271
Wildlife Dr - North Loop,-80.274407454,33.515180791,300,272
Wildlife Dr - North Loop,-80.274439435,33.51516961,300,273
Wildlife Dr - North Loop,-80.274492794,33.515155952,300,274
Wildlife Dr - North Loop,-80.274556766,33.515139655,300,275
Wildlife Dr - North Loop,-80.274604056,33.5151268980001,300,276
Wildlife Dr - North Loop,-80.274657686,33.5151116210001,300,277
Wildlife Dr - North Loop,-80.274714149,33.515096113,300,278
Wildlife Dr - North Loop,-80.27477759,33.515077924,300,279
Wildlife Dr - North Loop,-80.274838872,33.5150603720001,300,280
Wildlife Dr - North Loop,-80.2748898139999,33.5150459280001,300,281
Wildlife Dr - North Loop,-80.275041459,33.515003031,300,282
Wildlife Dr - North Loop,-80.275079338,33.514992013,300,283
Wildlife Dr - North Loop,-80.275124203,33.514978931,300,284
Wildlife Dr - North Loop,-80.275642238,33.514834181,300,285
Wildlife Dr - North Loop,-80.275702377,33.5148189450001,300,286
Wildlife Dr - North Loop,-80.275761931,33.5148060810001,300,287
Wildlife Dr - North Loop,-80.275820514,33.51479298,300,288
Wildlife Dr - North Loop,-80.275868938,33.5147807170001,300,289
Wildlife Dr - North Loop,-80.275916207,33.514764014,300,290
Wildlife Dr - North Loop,-80.275999107,33.514734371,300,291
Wildlife Dr - North Loop,-80.2760372929999,33.5147203180001,300,292
Wildlife Dr - North Loop,-80.2760866469999,33.514706667,300,293
Wildlife Dr - North Loop,-80.276143957,33.514690493,300,294
Wildlife Dr - North Loop,-80.2765719669999,33.5145775120001,300,295
Wildlife Dr - North Loop,-80.276651348,33.5145575,300,296
Wildlife Dr - North Loop,-80.276725395,33.5145388240001,300,297
Wildlife Dr - North Loop,-80.27679676,33.5145187250001,300,298
Wildlife Dr - North Loop,-80.276864485,33.514501121,300,299
Wildlife Dr - North Loop,-80.2769272529999,33.514483752,300,300
Wildlife Dr - North Loop,-80.276982887,33.5144684140001,300,301
Wildlife Dr - North Loop,-80.277035712,33.514453777,300,302
Wildlife Dr - North Loop,-80.277090254,33.5144381170001,300,303
Wildlife Dr - North Loop,-80.277149686,33.5144204270001,300,304
Wildlife Dr - North Loop,-80.2772108089999,33.514400435,300,305
Wildlife Dr - North Loop,-80.277280944,33.514379822,300,306
Wildlife Dr - North Loop,-80.277424637,33.5143280720001,300,307
Wildlife Dr - North Loop,-80.277681619,33.5142471710001,300,308
Wildlife Dr - North Loop,-80.277956785,33.514174945,300,309
Wildlife Dr - North Loop,-80.278048482,33.514149817,300,310
Wildlife Dr - North Loop,-80.278326582,33.5140896030001,300,311
Wildlife Dr - North Loop,-80.278423779,33.5140614320001,300,312
Wildlife Dr - North Loop,-80.27851141,33.514034499,300,313
Wildlife Dr - North Loop,-80.2787180399999,33.5139901840001,300,314
Wildlife Dr - North Loop,-80.2787777899999,33.513975583,300,315
Wildlife Dr - North Loop,-80.2794804919999,33.513837903,300,316
Wildlife Dr - North Loop,-80.280435419,33.513568864,300,317
Wildlife Dr - North Loop,-80.280521967,33.513543177,300,318